track,severity,image,filter,psnr,ssim
deblur,1.0,checkerboard,none,21.334531235028656,0.8744629293651592
deblur,1.0,checkerboard,wiener_oracle_nsr0.001,26.012182153497456,0.9582926412873066
deblur,1.0,checkerboard,wiener_oracle_nsr0.01,25.737977260001163,0.9533984076491402
deblur,1.0,checkerboard,wiener_oracle_nsr0.1,20.554878507383645,0.909381772400002
deblur,1.0,checkerboard,wiener_assumed_nsr0.01,19.86628168871734,0.6459172326883763
deblur,1.0,checkerboard,rl_oracle_10iter,24.154794590297257,0.9176387705974909
deblur,1.0,checkerboard,rl_oracle_30iter,25.778383481424555,0.9390169380258572
deblur,1.0,checkerboard,rl_assumed_30iter,20.13446819528522,0.6990037369697332
deblur,1.0,checkerboard,unsharp,23.948965721701484,0.9027515201638955
deblur,1.0,gradient,none,95.04621554883309,0.9999999999967898
deblur,1.0,gradient,wiener_oracle_nsr0.001,21.183416779305162,0.9566935531958273
deblur,1.0,gradient,wiener_oracle_nsr0.01,28.924998397206274,0.9821354411704505
deblur,1.0,gradient,wiener_oracle_nsr0.1,25.412004362985265,0.9905559250163781
deblur,1.0,gradient,wiener_assumed_nsr0.01,26.957827274002955,0.9427434941025292
deblur,1.0,gradient,rl_oracle_10iter,54.90279558773085,0.9983093631203941
deblur,1.0,gradient,rl_oracle_30iter,54.69281887105858,0.9982105448249343
deblur,1.0,gradient,rl_assumed_30iter,53.08694241286084,0.9977375627789136
deblur,1.0,gradient,unsharp,73.96564181099455,0.9999999541100463
deblur,1.0,texture,none,27.681834977925263,0.7912909435397254
deblur,1.0,texture,wiener_oracle_nsr0.001,29.387435844738445,0.980810337477284
deblur,1.0,texture,wiener_oracle_nsr0.01,33.74146663612894,0.9746091540087086
deblur,1.0,texture,wiener_oracle_nsr0.1,24.934626173085178,0.8690680934689946
deblur,1.0,texture,wiener_assumed_nsr0.01,20.730296811670815,0.6832370130716295
deblur,1.0,texture,rl_oracle_10iter,31.06945243001862,0.9163487164745098
deblur,1.0,texture,rl_oracle_30iter,33.9248871980598,0.9611757582383492
deblur,1.0,texture,rl_assumed_30iter,22.218614332780405,0.6954612097616312
deblur,1.0,texture,unsharp,31.49672628121829,0.9246510900020528
deblur,1.5,checkerboard,none,18.69178731192904,0.7555695118832685
deblur,1.5,checkerboard,wiener_oracle_nsr0.001,22.17529838493613,0.8765378343053118
deblur,1.5,checkerboard,wiener_oracle_nsr0.01,22.287499648521557,0.8768391423884087
deblur,1.5,checkerboard,wiener_oracle_nsr0.1,18.617408505750078,0.8051873729331808
deblur,1.5,checkerboard,wiener_assumed_nsr0.01,20.71631567405263,0.6920001718678016
deblur,1.5,checkerboard,rl_oracle_10iter,20.840381019817773,0.8059642222792763
deblur,1.5,checkerboard,rl_oracle_30iter,22.228722320001406,0.8486923076211683
deblur,1.5,checkerboard,rl_assumed_30iter,21.266783337930715,0.7594082053811118
deblur,1.5,checkerboard,unsharp,20.54743445498962,0.8352226523236733
deblur,1.5,gradient,none,69.2085618659831,0.9999998658111685
deblur,1.5,gradient,wiener_oracle_nsr0.001,19.560706454742977,0.9350716583693072
deblur,1.5,gradient,wiener_oracle_nsr0.01,27.967871781985313,0.9644531100943787
deblur,1.5,gradient,wiener_oracle_nsr0.1,25.116880300038808,0.9833949709323909
deblur,1.5,gradient,wiener_assumed_nsr0.01,26.988720510691113,0.9429314214483503
deblur,1.5,gradient,rl_oracle_10iter,54.395836457348096,0.9981906347589943
deblur,1.5,gradient,rl_oracle_30iter,54.161665098391445,0.9979910610604
deblur,1.5,gradient,rl_assumed_30iter,53.647424684820734,0.9978484119313702
deblur,1.5,gradient,unsharp,66.2067635984903,0.9999987436136584
deblur,1.5,texture,none,24.80131843913128,0.5726202326342907
deblur,1.5,texture,wiener_oracle_nsr0.001,28.137939692672738,0.9201138135791346
deblur,1.5,texture,wiener_oracle_nsr0.01,28.40453731369145,0.8454893840020429
deblur,1.5,texture,wiener_oracle_nsr0.1,23.135081581123153,0.6464989277062957
deblur,1.5,texture,wiener_assumed_nsr0.01,25.48189877146907,0.7751064009088476
deblur,1.5,texture,rl_oracle_10iter,26.14409475273231,0.7005959247709769
deblur,1.5,texture,rl_oracle_30iter,27.56132824910473,0.7966656683235547
deblur,1.5,texture,rl_assumed_30iter,24.976344152798674,0.7072780901393801
deblur,1.5,texture,unsharp,26.34960184246507,0.7048824231352063
deblur,2.0,checkerboard,none,16.965775827310623,0.6448085030356284
deblur,2.0,checkerboard,wiener_oracle_nsr0.001,20.21836171296267,0.822042570064499
deblur,2.0,checkerboard,wiener_oracle_nsr0.01,20.018305789355736,0.7645232530361726
deblur,2.0,checkerboard,wiener_oracle_nsr0.1,17.15101930251816,0.7112995550285933
deblur,2.0,checkerboard,wiener_assumed_nsr0.01,20.018305789355736,0.7645232530361726
deblur,2.0,checkerboard,rl_oracle_10iter,18.840728168637312,0.7328949535462929
deblur,2.0,checkerboard,rl_oracle_30iter,19.99019694215912,0.7695061517232396
deblur,2.0,checkerboard,rl_assumed_30iter,19.99019694215912,0.7695061517232396
deblur,2.0,checkerboard,unsharp,18.13700173128057,0.7105389297848337
deblur,2.0,gradient,none,66.21812513490869,0.9999987458226811
deblur,2.0,gradient,wiener_oracle_nsr0.001,18.84449299796742,0.8945576705746395
deblur,2.0,gradient,wiener_oracle_nsr0.01,27.059755009699508,0.9431022835531935
deblur,2.0,gradient,wiener_oracle_nsr0.1,24.79083578235962,0.9752241953433353
deblur,2.0,gradient,wiener_assumed_nsr0.01,27.059755009699508,0.9431022835531935
deblur,2.0,gradient,rl_oracle_10iter,53.89852158778347,0.9981324175784977
deblur,2.0,gradient,rl_oracle_30iter,53.73107146552574,0.9979240480289789
deblur,2.0,gradient,rl_assumed_30iter,53.73107146552574,0.9979240480289789
deblur,2.0,gradient,unsharp,67.02532297001576,0.9999987834956862
deblur,2.0,texture,none,23.457398409764192,0.42014604186303006
deblur,2.0,texture,wiener_oracle_nsr0.001,26.358329828492444,0.7938010973400482
deblur,2.0,texture,wiener_oracle_nsr0.01,25.65739622587391,0.6721833919579584
deblur,2.0,texture,wiener_oracle_nsr0.1,22.06321109565358,0.46536359872970556
deblur,2.0,texture,wiener_assumed_nsr0.01,25.65739622587391,0.6721833919579584
deblur,2.0,texture,rl_oracle_10iter,24.156592583876733,0.5068925807071444
deblur,2.0,texture,rl_oracle_30iter,25.04579940608393,0.6094002339687088
deblur,2.0,texture,rl_assumed_30iter,25.04579940608393,0.6094002339687088
deblur,2.0,texture,unsharp,24.18530509278735,0.503161361417528
deblur,3.0,checkerboard,none,14.744836255152151,0.5127023586848961
deblur,3.0,checkerboard,wiener_oracle_nsr0.001,17.429211738847272,0.7138715697820892
deblur,3.0,checkerboard,wiener_oracle_nsr0.01,16.851223457508286,0.5884265912812147
deblur,3.0,checkerboard,wiener_oracle_nsr0.1,15.301164261214634,0.5326986052042768
deblur,3.0,checkerboard,wiener_assumed_nsr0.01,15.862602065350892,0.5823355250636563
deblur,3.0,checkerboard,rl_oracle_10iter,16.764575122301423,0.6082625248653181
deblur,3.0,checkerboard,rl_oracle_30iter,17.553847100597213,0.6505084915242868
deblur,3.0,checkerboard,rl_assumed_30iter,16.24976399403809,0.5931599485035649
deblur,3.0,checkerboard,unsharp,15.346413681919298,0.5360705143371005
deblur,3.0,gradient,none,61.942469128356976,0.9999927159516742
deblur,3.0,gradient,wiener_oracle_nsr0.001,17.16143457989486,0.8358809716004636
deblur,3.0,gradient,wiener_oracle_nsr0.01,25.28424144599797,0.9040242052639061
deblur,3.0,gradient,wiener_oracle_nsr0.1,24.347755039839704,0.95987803209492
deblur,3.0,gradient,wiener_assumed_nsr0.01,27.114588019792937,0.9435901639770088
deblur,3.0,gradient,rl_oracle_10iter,53.15271630544112,0.9980301342678871
deblur,3.0,gradient,rl_oracle_30iter,52.710099953316465,0.997690003112468
deblur,3.0,gradient,rl_assumed_30iter,53.38132236557364,0.9978508694652463
deblur,3.0,gradient,unsharp,61.93503712220804,0.9999926509057158
deblur,3.0,texture,none,22.237511980291988,0.26855504768899724
deblur,3.0,texture,wiener_oracle_nsr0.001,23.786911405893882,0.5142970870606713
deblur,3.0,texture,wiener_oracle_nsr0.01,23.212307449974006,0.3980023781894253
deblur,3.0,texture,wiener_oracle_nsr0.1,21.03922491970582,0.2811152147136357
deblur,3.0,texture,wiener_assumed_nsr0.01,22.81827886301199,0.34487132487909333
deblur,3.0,texture,rl_oracle_10iter,22.5217088754927,0.29850267791332835
deblur,3.0,texture,rl_oracle_30iter,22.933703242737018,0.3545275453431038
deblur,3.0,texture,rl_assumed_30iter,22.862652265326766,0.34302846055510794
deblur,3.0,texture,unsharp,22.431628872203994,0.29018856884252986
