gain,image,operator,psnr,ssim,mean_luma,noise_sigma,noise_gain,clipped_frac
0.5,checkerboard,none,9.782178121671604,0.5921586179623841,64.81448364257812,8.733543187049532,1.0,0.0013885498046875
0.5,checkerboard,gamma_0.45,14.74057975371853,0.6519177620486226,122.56922912597656,11.489933551360236,1.3156096334873566,0.0
0.5,checkerboard,hist_eq,15.782719687003015,0.5482794487104092,125.24223327636719,26.875075593440112,3.077224789280439,0.004486083984375
0.5,checkerboard,clahe_c2,12.936946443506834,0.6836006548338819,89.1427001953125,14.007903610517598,1.6039198880116732,0.00018310546875
0.5,checkerboard,clahe_c4,13.859738576834692,0.6128782663181411,98.69316101074219,18.399398545933114,2.1067507369994485,0.000518798828125
0.5,checkerboard,ssr,10.52886788513409,0.5638893445629461,189.21009826660156,15.36137383191487,1.7588936704055422,0.000457763671875
0.5,checkerboard,msr,10.304022139581384,0.5609400956115068,191.3645782470703,15.377468610927298,1.7607365397505172,0.005462646484375
0.5,checkerboard,gamma_clahe,16.160531497145996,0.6251656306418458,125.0931396484375,17.39798340317525,1.9920876362040227,0.0
0.5,gradient,none,10.898044223333748,0.5092972272186979,63.23577880859375,3.929793972395513,1.0,0.0
0.5,gradient,gamma_0.45,17.988935188348147,0.5688691244650054,128.2718048095703,5.412336486154583,1.377257058302053,0.0
0.5,gradient,hist_eq,12.620025412658457,0.2125553766364875,119.78640747070312,14.264587976907938,3.6298564446656143,0.0
0.5,gradient,clahe_c2,12.082246983712706,0.28500823666236147,75.70445251464844,11.800442018797174,3.0028144227632096,0.0
0.5,gradient,clahe_c4,12.918520315465907,0.14217592997446626,86.03901672363281,19.618289088305914,4.992192778072549,0.0
0.5,gradient,ssr,7.605444141872246,0.31480074222871185,216.51492309570312,13.992226499276764,3.5605496363330777,1.52587890625e-05
0.5,gradient,msr,8.766211991550929,0.3801207659258164,208.9331817626953,11.28514035842236,2.8716875331617437,0.0
0.5,gradient,gamma_clahe,16.669638165421446,0.2774124036775679,109.62486267089844,12.989457983429544,3.3053788760105065,0.0
0.5,texture,none,12.083359530406597,0.6051778055970637,62.052703857421875,4.226920882468062,1.0,0.0
0.5,texture,gamma_0.45,23.746256621704177,0.757300854933057,133.35504150390625,4.340137988182532,1.026784770489568,0.0
0.5,texture,hist_eq,13.310071003639043,0.4274647307596249,125.58108520507812,31.136348840688274,7.3662010022075535,0.0021514892578125
0.5,texture,clahe_c2,16.1857555068401,0.7635180964731787,87.82551574707031,11.842765686318895,2.8017476587837167,0.0
0.5,texture,clahe_c4,17.02005784200107,0.6129113592280852,104.96597290039062,19.393428415923452,4.5880746186571155,0.0
0.5,texture,ssr,13.838538177757208,0.6230983669391952,168.89414978027344,13.859573272377098,3.278881639318646,0.00103759765625
0.5,texture,msr,13.82382268768744,0.623460652958506,169.10308837890625,13.849542770389467,3.2765086348866888,0.00115966796875
0.5,texture,gamma_clahe,23.452361477202622,0.8030956423584253,118.96708679199219,12.270965808775305,2.9030507430766948,0.0
0.3,checkerboard,none,6.88434703251006,0.31654393782997187,38.82417297363281,6.399185060661204,1.0,0.0322418212890625
0.3,checkerboard,gamma_0.45,11.66945384230231,0.5390357257745613,95.56004333496094,12.225595432935199,1.9104925575745066,0.001434326171875
0.3,checkerboard,hist_eq,15.369258687842304,0.535025906181145,124.80096435546875,27.365074357419402,4.276337392654162,0.01080322265625
0.3,checkerboard,clahe_c2,9.545912917040182,0.5330897411219633,66.79022216796875,12.522006803647105,1.9568127323939672,1.52587890625e-05
0.3,checkerboard,clahe_c4,10.9113688485937,0.5334705683617318,80.46635437011719,17.420925991001052,2.722366336628654,9.1552734375e-05
0.3,checkerboard,ssr,11.241085589336565,0.5332553077707987,179.24072265625,21.83737738520309,3.4125247477913563,0.0012054443359375
0.3,checkerboard,msr,11.181545419187216,0.5336214340735772,179.9990692138672,22.067233882171386,3.4484443992453095,0.002838134765625
0.3,checkerboard,gamma_clahe,14.49281677093564,0.5686277172179527,114.56533813476562,18.998748560438614,2.968932509427309,0.00146484375
0.3,gradient,none,8.005209693299344,0.3505645607535037,37.80494689941406,3.8931751933509395,1.0,0.0
0.3,gradient,gamma_0.45,14.658765929240865,0.4379735015813771,101.052978515625,7.04617510300595,1.8098787629798792,0.0
0.3,gradient,hist_eq,11.279176705484304,0.10523007234900132,123.34063720703125,22.717519938403612,5.83521645190854,0.0
0.3,gradient,clahe_c2,9.309311301033569,0.24293908905579045,55.00895690917969,11.922174366676739,3.062326706241819,0.0
0.3,gradient,clahe_c4,10.374513730078386,0.12342998158445008,69.45233154296875,20.25296602572524,5.202171754385673,0.0
0.3,gradient,ssr,8.257750207959823,0.20413871479967208,205.30032348632812,19.208162000741353,4.933803655573095,0.0
0.3,gradient,msr,8.815511280113114,0.24863733571094074,206.2020263671875,16.569081238759825,4.25593003547792,0.0
0.3,gradient,gamma_clahe,12.946666218511638,0.19492862736671937,89.21504211425781,15.791646104555943,4.0562382426370425,0.0
0.3,texture,none,9.19918755495284,0.3089572591399575,37.03633117675781,4.0668019524176335,1.0,0.0
0.3,texture,gamma_0.45,20.20530308849093,0.6228308754760312,105.4090576171875,5.564014641937177,1.3681548073983492,0.0
0.3,texture,hist_eq,12.866613705580463,0.36404864513551666,126.84152221679688,43.641328397739855,10.731117204218894,0.00311279296875
0.3,texture,clahe_c2,12.526547428624104,0.6203633375013553,65.74163818359375,12.568157473541126,3.0904277170590038,0.0
0.3,texture,clahe_c4,14.895734368525751,0.5884191708147534,85.04145812988281,20.893095308317957,5.137475478956486,0.0
0.3,texture,ssr,12.84515933956867,0.47673848449683714,171.7095489501953,19.459296889918395,4.78491382604708,0.0005340576171875
0.3,texture,msr,12.858473701451324,0.47594247812549195,171.6492462158203,19.45006934612732,4.7826448333842855,0.000579833984375
0.3,texture,gamma_clahe,19.577829533264996,0.7067506328971868,104.47906494140625,15.601830672171577,3.836388113981453,0.0
0.2,checkerboard,none,5.7329692052099315,0.18350947181582122,25.94915771484375,5.192209381850208,1.0,0.087249755859375
0.2,checkerboard,gamma_0.45,9.84109839113734,0.4454888916340918,78.48577880859375,12.512202943085924,2.4098032307447674,0.007232666015625
0.2,checkerboard,hist_eq,15.003404594816576,0.5178161335333438,122.67568969726562,28.97597362417963,5.5806635467104835,0.0327911376953125
0.2,checkerboard,clahe_c2,7.860913338888808,0.40241357941554895,51.83555603027344,11.804476236187936,2.2734977286261695,0.0
0.2,checkerboard,clahe_c4,9.382614096443158,0.46194000841018595,68.42372131347656,17.087258007515857,3.290941630213481,0.0
0.2,checkerboard,ssr,11.807037461057712,0.4985405716905958,170.0518035888672,26.18351165798249,5.04284587395668,0.0025482177734375
0.2,checkerboard,msr,11.795731638206707,0.49888446507493445,170.27215576171875,26.446852806841058,5.093564388849223,0.00628662109375
0.2,checkerboard,gamma_clahe,12.940994293184652,0.5258400819024486,102.58967590332031,19.829858859894568,3.8191562399643315,0.0005340576171875
0.2,gradient,none,6.854513126407694,0.24913090619658354,25.123916625976562,3.8444051961141215,1.0,0.0
0.2,gradient,gamma_0.45,12.24964492629363,0.3217432595326344,83.29920959472656,8.640791802143262,2.247627750289504,0.0
0.2,gradient,hist_eq,10.479732696913658,0.0575119532416199,125.30915832519531,31.35024654350001,8.154771660174756,0.0
0.2,gradient,clahe_c2,8.00882984435206,0.22839704157213914,42.4683837890625,11.11820275917053,2.892047583956206,0.0
0.2,gradient,clahe_c4,8.962699512374884,0.12862908714844698,56.66911315917969,18.955405006497877,4.930647015475312,0.0
0.2,gradient,ssr,8.921117942697826,0.12637002988858767,192.94627380371094,24.78762063702359,6.4477128118749345,0.0
0.2,gradient,msr,9.115786511525698,0.14946203927164003,199.42347717285156,22.48321479400762,5.848294767870302,1.52587890625e-05
0.2,gradient,gamma_clahe,11.398618903662914,0.14251603735998583,79.85859680175781,18.57823158233877,4.832537319717865,0.0
0.2,texture,none,8.050191386306857,0.1678060047259398,24.53009033203125,4.012900145739113,1.0,1.52587890625e-05
0.2,texture,gamma_0.45,15.795502863421111,0.49192695623551863,87.0670166015625,7.015261212438524,1.748177367405294,0.0
0.2,texture,hist_eq,12.428576595689186,0.29601603334290016,128.18545532226562,53.854328537414105,13.42030117410135,0.00250244140625
0.2,texture,clahe_c2,9.98942531615932,0.4020846886251141,44.91175842285156,11.261912849946166,2.806427381928263,1.52587890625e-05
0.2,texture,clahe_c4,11.878963549698138,0.47508600667499484,62.51042175292969,19.234536587310505,4.793175979654935,4.57763671875e-05
0.2,texture,ssr,11.69109146134806,0.3588202724113457,177.26795959472656,23.30723121681577,5.808076545727988,0.0002593994140625
0.2,texture,msr,11.69076075958067,0.3583461269669537,177.41612243652344,23.294260851753652,5.804844378320112,0.0002593994140625
0.2,texture,gamma_clahe,16.384080033816794,0.5701818368700485,91.80751037597656,18.88507817187125,4.706092224079728,0.0
0.1,checkerboard,none,4.717968618864889,0.07871640650994806,13.22552490234375,3.9796000447246622,1.0,0.1770477294921875
0.1,checkerboard,gamma_0.45,7.730072736309924,0.2865750101275933,56.522125244140625,12.987172142757089,3.263436525480197,0.0289459228515625
0.1,checkerboard,hist_eq,13.807205655196386,0.44884751689299923,117.72917175292969,36.682067044041816,9.217526040755622,0.08551025390625
0.1,checkerboard,clahe_c2,5.911462617143506,0.22279800040168504,31.15277099609375,9.326673513266384,2.3436208182854394,0.0
0.1,checkerboard,clahe_c4,7.223448791718666,0.318154057393536,47.52778625488281,14.969575560280576,3.7615778952772327,0.0
0.1,checkerboard,ssr,12.069107093465675,0.40217066709396265,153.36170959472656,33.25926670487449,8.357439524346876,0.0056915283203125
0.1,checkerboard,msr,12.07259109368566,0.40235430624742485,153.1443328857422,33.53403705709533,8.426484239678278,0.02288818359375
0.1,checkerboard,gamma_clahe,10.409260248582502,0.4302986008687209,81.65263366699219,22.116130151060084,5.557375088578842,0.0
0.1,gradient,none,5.842600531158802,0.140963708261049,12.578384399414062,3.6889680303871635,1.0,0.0034332275390625
0.1,gradient,gamma_0.45,9.455444685186398,0.15183970437398658,58.80134582519531,11.868217518508938,3.217218859243773,1.52587890625e-05
0.1,gradient,hist_eq,9.471012512566396,0.022978399275825595,130.22064208984375,49.16027377316063,13.326294337118767,0.0004425048828125
0.1,gradient,clahe_c2,6.662882279519311,0.23629075416270318,26.873733520507812,8.196380342226535,2.2218626658486684,0.000274658203125
0.1,gradient,clahe_c4,7.311156706605644,0.1741634536697997,37.54759216308594,13.311541352288616,3.6084729503311928,0.000274658203125
0.1,gradient,ssr,9.665102933421224,0.04092941702278697,169.66737365722656,35.303925284508416,9.57013587369127,0.0
0.1,gradient,msr,10.01576806317689,0.04145272280848671,174.69349670410156,35.40822566895951,9.598409467713212,1.52587890625e-05
0.1,gradient,gamma_clahe,9.9344127411964,0.08497592673417038,70.72502136230469,24.09245310288545,6.530946569454793,1.52587890625e-05
0.1,texture,none,7.04088267748134,0.058544680986048724,12.09759521484375,3.8901511491751983,1.0,0.0078582763671875
0.1,texture,gamma_0.45,11.525394350628133,0.2597313372471883,60.805908203125,11.610377280843714,2.9845568554078885,0.0002593994140625
0.1,texture,hist_eq,11.575965599306093,0.1760866089238995,132.57398986816406,65.44201253600112,16.822485817775057,0.0023345947265625
0.1,texture,clahe_c2,8.24122100861728,0.16097264151737944,26.964309692382812,7.784556681698281,2.001093629317922,0.0010833740234375
0.1,texture,clahe_c4,9.235663819085204,0.2357194387010185,38.166015625,12.56963711828236,3.2311436333129144,0.00146484375
0.1,texture,ssr,10.225820270509951,0.17911790727323107,183.1744842529297,32.22770825239912,8.284436006871386,0.0002593994140625
0.1,texture,msr,10.222868670685195,0.1788656103335472,183.13739013671875,32.2765527175332,8.296991936772578,0.0002593994140625
0.1,texture,gamma_clahe,13.169062502645641,0.3274815555398861,75.56190490722656,24.733796535976992,6.358055403893786,0.000274658203125
